"","Composition","Drawing","Colour","Expression"
"Da Udine",200,100,400,100
"Da Vinci",400,400,100,400
"Del Piombo",100,200,400,300
"Del Sarto",200,400,200,300
"Fr. Penni",100,400,200,100
"Guilio Romano",400,400,100,400
"Michelangelo",100,400,100,300
"Perino del Vaga",400,400,100,300
"Perugino",100,200,300,200
"Raphael",400,400,300,400
"F. Zucarro",200,200,200,300
"Fr. Salviata",300,400,200,300
"Parmigiano",200,400,100,300
"Primaticcio",400,300,100,300
"T. Zucarro",300,300,300,300
"Volterra",200,400,100,300
"Barocci",300,400,100,300
"Cortona",400,300,300,300
"Josepin",200,200,100,100
"L. Jordaens",300,200,200,300
"Testa",200,400,100,300
"Vanius",400,400,300,400
"Bassano",100,100,400,100
"Bellini",100,100,300,100
"Giorgione",100,100,400,200
"Murillo",100,100,300,200
"Palma Giovane",200,100,300,300
"Palma Vecchio",100,100,400,100
"Pordenone",100,300,400,200
"Tintoretto",400,300,400,200
"Titian",200,400,400,300
"Veronese",400,200,400,100
"Albani",300,300,300,300
"Caravaggio",100,100,400,100
"Corregio",300,200,300,400
"Domenichino",400,400,200,400
"Guercino",400,200,300,200
"Lanfranco",300,200,300,200
"The Carraci",400,400,300,400
"Durer",100,200,300,300
"Holbein",200,200,400,400
"Pourbus",100,400,100,300
"Van Leyden",100,100,100,200
"Diepenbeck",200,200,300,300
"J. Jordaens",200,100,400,300
"Otho Venius",300,300,300,300
"Rembrandt",400,100,400,400
"Rubens",400,200,400,400
"Teniers",400,200,300,300
"Van Dyck",400,200,400,400
"Bourdon",200,100,200,200
"Le Brun",400,400,200,400
"Le Suer",400,400,100,400
"Poussin",400,400,100,400
