"","command","http...gking.harvard.edu.zelig.docs.Main_Commands.html"
"1","commands","http://gking.harvard.edu/zelig/docs/Main_Commands.html"
"2","model","http://gking.harvard.edu/zelig/docs/Models_Zelig_Can.html"
"3","models","http://gking.harvard.edu/zelig/docs/Models_Zelig_Can.html"
"4","zelig","http://gking.harvard.edu/zelig/docs/_TT_zelig_TT__Estimati.html"
"5","setx","http://gking.harvard.edu/zelig/docs/_TT_setx_TT__Setting_E.html"
"6","sim","http://gking.harvard.edu/zelig/docs/_TT_sim_TT__Simulating.html"
"7","matchit","http://gking.harvard.edu/zelig/docs/_TT_matchit_TT__Create.html"
"8","Matchit","http://gking.harvard.edu/zelig/docs/_TT_matchit_TT__Create.html"
"9","MatchIt","http://gking.harvard.edu/zelig/docs/_TT_matchit_TT__Create.html"
"10","summary","http://gking.harvard.edu/zelig/docs/_TT_summary_TT__Summar.html"
"11","print","http://gking.harvard.edu/zelig/docs/_TT_print_TT__Printing.html"
"12","plot","http://gking.harvard.edu/zelig/docs/_TT_plot_TT__Graphing.html"
"13","plot.ci","http://gking.harvard.edu/zelig/docs/_TT_plot_ci_TT__Plotti.html"
"14","ROC","http://gking.harvard.edu/zelig/docs/_TT_rocplot_TT__Receiv.html"
"15","roc","http://gking.harvard.edu/zelig/docs/_TT_rocplot_TT__Receiv.html"
"16","rocplot","http://gking.harvard.edu/zelig/docs/_TT_rocplot_TT__Receiv.html"
"17","ternarypoints","http://gking.harvard.edu/zelig/docs/_TT_ternarypoints_TT.html"
"18","repl","http://gking.harvard.edu/zelig/docs/_TT_repl_TT__Replicati.html"
"19","blogit","http://gking.harvard.edu/zelig/docs/_TT_blogit_TT__Bivaria.html"
"20","bprobit","http://gking.harvard.edu/zelig/docs/_TT_bprobit_TT__Bivari.html"
"21","exp","http://gking.harvard.edu/zelig/docs/_TT_exp_TT__Exponentia.html"
"22","ei.dynamic","http://gking.harvard.edu/zelig/docs/_TT_ei_dynamic_TT__Qui.html"
"23","ei.hier","http://gking.harvard.edu/zelig/docs/_TT_ei_hier_TT__Hierar.html"
"24","factor.bayes","http://gking.harvard.edu/zelig/docs/_TT_factor_bayes_TT__B.html"
"25","factor.mix","http://gking.harvard.edu/zelig/docs/_TT_factor_mix_TT__Mix.html"
"26","factor.ord","http://gking.harvard.edu/zelig/docs/_TT_factor_ord_TT__Ord.html"
"27","gamma","http://gking.harvard.edu/zelig/docs/_TT_gamma_TT__Gamma_Re.html"
"28","irt1d","http://gking.harvard.edu/zelig/docs/_TT_irt1d_TT__One_Dime.html"
"29","irtkd","http://gking.harvard.edu/zelig/docs/_TT_irtkd_TT__tex2htm.html"
"30","ls","http://gking.harvard.edu/zelig/docs/_TT_ls_TT__Least_Squar.html"
"31","logit","http://gking.harvard.edu/zelig/docs/_TT_logit_TT__Logistic.html"
"32","logit.bayes","http://gking.harvard.edu/zelig/docs/_TT_logit_bayes_TT__Ba.html"
"33","lognorm","http://gking.harvard.edu/zelig/docs/_TT_lognorm_TT__Log_No.html"
"34","mlogit","http://gking.harvard.edu/zelig/docs/_TT_mlogit_TT__Multino.html"
"35","mlogit.bayes","http://gking.harvard.edu/zelig/docs/_TT_mlogit_bayes_TT__B.html"
"36","negbin","http://gking.harvard.edu/zelig/docs/_TT_negbin_TT__Negativ.html"
"37","normal","http://gking.harvard.edu/zelig/docs/_TT_normal_TT__Normal.html"
"38","normal.bayes","http://gking.harvard.edu/zelig/docs/_TT_normal_bayes_TT__B.html"
"39","ologit","http://gking.harvard.edu/zelig/docs/_TT_ologit_TT__Ordinal.html"
"40","oprobit","http://gking.harvard.edu/zelig/docs/_TT_oprobit_TT__Ordina.html"
"41","oprobit.bayes","http://gking.harvard.edu/zelig/docs/_TT_oprobit_bayes_TT.html"
"42","poisson","http://gking.harvard.edu/zelig/docs/_TT_poisson_TT__Poisso.html"
"43","poisson.bayes","http://gking.harvard.edu/zelig/docs/_TT_poisson_bayes_TT.html"
"44","probit","http://gking.harvard.edu/zelig/docs/_TT_probit_TT__Probit.html"
"45","probit.bayes","http://gking.harvard.edu/zelig/docs/_TT_probit_bayes_TT__B.html"
"46","relogit","http://gking.harvard.edu/zelig/docs/_TT_relogit_TT__Rare_E.html"
"47","tobit","http://gking.harvard.edu/zelig/docs/_TT_tobit_TT__Regress.html"
"48","tobit.bayes","http://gking.harvard.edu/zelig/docs/_TT_tobit_bayes_TT.html"
"49","weibull","http://gking.harvard.edu/zelig/docs/_TT_weibull_TT__Weibul.html"
