disaster_no,index,associated_dis,associated_dis2,country_name,dis_subtype,dis_type,end_date,insur_dam,iso,location,start_date,total_affected,total_dam,total_deaths
1962-0010,0,--,--,Thailand,Tropical cyclone,Storm,27/10/1962,0,THA,,27/10/1962,0,19000,769
1978-0260,1,--,--,Thailand,--,Storm,/05/1978,0,THA,,/05/1978,0,0,50
1981-0064,2,--,--,Thailand,Tropical cyclone,Storm,06/07/1981,0,THA,Nan province,06/07/1981,43000,0,0
1981-0104,3,--,--,Thailand,--,Storm,/12/1981,0,THA,South,/12/1981,0,13000,55
1989-0131,4,--,--,Thailand,Tropical cyclone,Storm,05/11/1989,0,THA,"Chumphon, Nakkhon Si Thammarat, Phetchaburi, Prachuap Khiri Khan, Ranong, Songkhla, Surat Thani provinces",03/11/1989,199000,452000,458
1990-0409,5,--,--,Thailand,Tropical cyclone,Storm,26/10/1990,0,THA,Central and northeastern Provinces,08/10/1990,0,50000,36
1991-0710,6,--,--,Thailand,Tropical cyclone,Storm,17/08/1991,0,THA,North and Northeast,17/08/1991,1894238,8323,38
1992-0201,7,--,--,Thailand,--,Storm,19/05/1992,0,THA,,19/05/1992,0,0,0
1992-0494,8,--,--,Thailand,Tropical cyclone,Storm,16/10/1992,0,THA,Ko Samui (Surat Thani province),16/10/1992,106109,0,3
1992-0495,9,--,--,Thailand,Tropical cyclone,Storm,17/10/1992,0,THA,Sisaket province (North),17/10/1992,160550,0,0
1992-0496,10,--,--,Thailand,--,Storm,12/11/1992,0,THA,"Surat Thani, Krabi, Phangnga, Nakhon Si Thammarat provinces",12/11/1992,119787,0,3
1993-0481,11,--,--,Thailand,--,Storm,11/07/1993,0,THA,"Nakhon Phanom, Sakon Nakhon, Nong Khai provinces",11/07/1993,188448,106900,4
1993-0482,12,--,--,Thailand,--,Storm,29/09/1993,0,THA,"Udon Thani, Khon Kaen, Nakhon Panom, Nan, Uttaradit, Phayao, Mae Hong Son",29/09/1993,25468,25070,0
1994-0120,13,--,--,Thailand,Tropical cyclone,Storm,08/05/1994,0,THA,Bangkok,08/05/1994,5000,0,0
1994-0774,14,Flood,--,Thailand,Tropical cyclone,Storm,07/09/1994,0,THA,"Chiang Rai, Chiang Mai, Phayao, Phitsanulok, Khanchanburi",30/08/1994,0,12000,10
1994-0777,15,Flood,"Slide (land, mud, sn",Thailand,Tropical cyclone,Storm,04/08/1994,0,THA,"Lampang, Nan, Kanchanaburi, Phrae, Chinag Rai, Mae Hong Son, Tak, Phayao, Chiang Mai",28/07/1994,10000,8000,9
1995-0167,16,--,--,Thailand,Tropical cyclone,Storm,09/08/1995,0,THA,Bangkok,09/08/1995,0,0,27
1996-0182,17,Flood,--,Thailand,Tropical cyclone,Storm,21/08/1996,0,THA,"Chumphon, Chiang Rai, Nan, Nong Khai, Udon Thani, Rayong, Ranong",18/07/1996,343386,150000,9
1997-0184,18,Flood,--,Thailand,Tropical cyclone,Storm,01/09/1997,0,THA,Surat Thani Province,19/08/1997,50394,39500,46
1997-0267,19,--,--,Thailand,Tropical cyclone,Storm,04/10/1997,0,THA,,01/10/1997,0,5000,152
2000-0539,20,--,--,Thailand,Tropical cyclone,Storm,21/08/2000,0,THA,"Tha Tum, Chom Phra, Samrong Thap, Sikhoraphum, Sangkha, Muang, Ubon Ratchathani (northeastern provinces)",21/08/2000,41219,0,2
2001-0357,21,--,--,Thailand,--,Storm,27/06/2001,0,THA,"Muang, La-ngu, Tha Phae, Khuan Don districts",27/06/2001,150,0,0
2002-0069,22,Hail,--,Thailand,Convective storm,Storm,12/01/2002,0,THA,"Muang, Chiang Saen, Mae Chan, Wiang Chai, Phan districts",12/01/2002,27704,2000,1
2002-0286,23,--,--,Thailand,Convective storm,Storm,23/04/2002,0,THA,"Sam Ngao, Phop Phra districts (Tak)",23/04/2002,2500,0,0
2003-0235,24,--,--,Thailand,Convective storm,Storm,11/04/2003,0,THA,"Muang, Wiang Chai, Phan, Doi Luang, Mae Suai districts",11/04/2003,5000,0,0
2004-0244,25,Flood,"Slide (land, mud, sn",Thailand,--,Storm,23/05/2004,0,THA,Mae Ramat (Tat province),20/05/2004,5050,0,13
2004-0258,26,Flood,Rain,Thailand,Tropical cyclone,Storm,21/06/2004,0,THA,"Prae, Nakhon Sawan, Sukhothai, Pichit, Mae Hong Son, Tak, Nan, Payao, Phitsanuok, Loei provinces",04/06/2004,4000,0,1
2005-0303,27,Hail,--,Thailand,--,Storm,21/05/2005,0,THA,"Lampang, Nan provinces",21/05/2005,1500,246,0
2005-0540,28,Broken Dam/Burst ban,--,Thailand,Tropical cyclone,Storm,30/09/2005,0,THA,"Lampang, Chiang Mai, Chiang Rai, Phayao, Mae Hong Son, Phrae, Yasothon, Ubon Ratchathani",26/09/2005,2000,20000,10
2008-0184,29,Flood,--,Thailand,Tropical cyclone,Storm,03/05/2008,0,THA,Tak province,02/05/2008,1000,0,0
2008-0329,30,Flood,--,Thailand,Tropical cyclone,Storm,20/08/2008,0,THA,,11/08/2008,0,0,0
2011-0272,31,Flood,--,Thailand,Tropical cyclone,Storm,06/08/2011,0,THA,"Phrae, Chian Mai, Sukhothai, Nan, Nakhon Phanom, Lamphun, Lampang, Mae Hon Son, Uttaradit, Phichit, Phitsanulok, Nakhon Phanom, Udon Tani, Bueng Kan, Sakhon Nakhon Loei, Phetchabun provinces",04/08/2011,1000000,0,18
2014-0537,32,Hail,--,Thailand,Convective storm,Storm,16/03/2014,0,THA,,16/03/2014,2000,0,0
