1934-0007,
1969-0090,Rio Lempa
1969-0090, South West Coast
1996-0172,Coast
1997-0126,
1998-0343,
2000-0645,
2002-0851,Ahuachapan province
2005-0567,San Salvador
2005-0567, Lourdes
2005-0567, Chaparral
2005-0567, Ateos
2005-0567,  San Marcos
2005-0567, Santa Tecla
2005-0567, El Chaparral
2005-0567, La Libertad
2005-0732,
2007-0439,
2009-0477,San Vicente
2009-0477, San Salvador
2009-0477, Cabanas
2009-0477, Cuscatlan
2009-0477, La Paz
2009-0477, La Libertad
2009-0477, Usulutan departments
2010-0211,San salvador
2010-0211, Sonsonate
2010-0211, Ahuachapan
2010-0211, La Libertad departments
2010-0260,San Miguel
2010-0503,
2015-0198,Ahuachapan
2015-0198, Sonsonate
2015-0198, La Libertad
2015-0198, La Paz
2015-0198, San Vicente
2015-0198, Usulutan
2015-0198, La Union
