1969-0091,Pacific Coast region
1996-0172,
1998-0371,
2001-0570,Peten
2001-0570, Zacapa
2001-0570, Quetzaltenango departments
2002-0849,Coyolote
2002-0849, Guacalate
2002-0849, Nahuatan
2002-0849, Samala
2002-0849, Ses river bassins (Retalhuleu
2002-0849, Suchitepequez
2002-0849, Escuintla
2002-0849, Costa de San Marcos Provinces)
2007-0439,Puerto Barrios
2007-0439, Morales (Ozabel department)
2008-0304,La UNion (Zacapa department)
2008-0304, Sand Pedro Soloma (Huehuetenango)
2010-0260,
2010-0503,Peten
2010-0503, Isabel
2010-0503, Suchitepequez
2010-0503, Huehuetnango
2010-0503, El Progresso
2011-0267,North
2014-0183,Border with Mexico
