1926-0010,Karachi
1939-0002,Hyderabad
1944-0007,Karachi
1964-0034,Coast
1964-0034, Low Indus valley
1965-0069,Karachi
1980-0052,Northern
1981-0244,Gujranwala
1981-0244, Sheikhupura districts
1986-0069,Karachi
1988-0321,Jagat
1993-0304,Keti Bandar
1993-0304, Hyderabad
1994-0119,Multan
1994-0151,Karachi
1997-0251,Thatta district (Sindh province)
1997-0338,Jabar Kund (Mansehra Province)
1998-0184,Karachi=level 2 Sing = Level 1
1999-0178,Thatta
1999-0178, Umer Kot
1999-0178, Mirpu
1999-0178, Badin
1999-0178, Hyderabad
1999-0178, Tharparker (cities) - Level 1 = Baluchistan
1999-0178, Jammu and Kasmir
1999-0178, Sind
1999-0357,Kasur (Near Lahore)
1999-0357, Level 1 = Punjab
2001-0267,Chak Miran (Punjab province)
2002-0330,Punjab province
2003-0086,Baluchistan
2003-0086, Sindh
2003-0086, North Western Frontier province
2003-0086, Punjab
2003-0086, Northern areas
2003-0086, Azad Kashmir
2005-0044,Lwargi
2007-0245,Baluchistan
2007-0245, Sindh
2007-0245, North West Frontoer provinces
2010-0210,Karachi
2010-0210, Hyderabad
2010-0210, Sindh
2010-0210, Baluchistan
2014-0322,Peshawar
