1916-0004,Cuddalore
1916-0004, Pondicherry
1924-0003,Punjab province
1925-0004,Bezwada
1925-0004, Masulipatam
1927-0008,Gujarat
1927-0008, Ahmedabad
1927-0008, Baroda
1927-0011,Nellore
1935-0014,Madras
1935-0014, Negapatam
1935-0015,
1936-0009,Guntur (Madras)
1942-0009,Orissa
1942-0009, West Bengal
1943-0011,Rajputana
1943-0012,Madras
1944-0006,Assam
1945-0005,Gujarat
1945-0005, Punjab
1949-0013,East & West Godavari districts
1949-0013, Masulipatnam
1950-0011,West
1952-0011,Tanjore
1952-0011, Tiruchi
1952-0025,
1955-0015,Punjab
1955-0019,Tanjore
1955-0049,
1956-0007,Parganas
1956-0007, Midnapore (West Bengal)
1958-0013,Vishakhapatam
1962-0007,Punjab
1962-0007, Delhi
1962-0007, M.P.
1963-0019,Orissa
1963-0019, Uttar Pradesh
1963-0019, Punjab
1963-0064,
1964-0068,Rameswaram
1966-0085,Madras state
1967-0063,Orissa
1968-0084,Ramanathapurum
1968-0084, Thanjavur
1969-0071,Guntur
1969-0071, Krishna
1969-0071, Godavari (Andhra Pradesh)
1969-0081,Kannaman
1969-0106,Madras City
1969-0109,Andhra Pradesh
1970-0065,Madras city (Tamil Nadu)
1971-0058,East coast
1971-0058, Orissa state
1971-0112,Bihar
1971-0112, West Bengal
1972-0051,Andhra Pradesh
1972-0051, Orissa
1972-0058,Srinagar
1972-0058, Kashmir
1972-0063,Madras City
1974-0045,West Bengal
1974-0045, Madya Pradesh
1974-0045, Gujarat states
1974-0122,Midnapore
1975-0045,Eastern
1975-0052,Bulandshar (Uttar Pradesh)
1975-0056,Gujarat
1975-0058,Madras city
1975-0121, Maharashtra (Coast)
1976-0063,Midnapore
1976-0063, Parganas districts (West Bengal)
1976-0063, Balasore district (Orissa)
1976-0074,Madras/Nellore (Andhra Pradesh)
1976-0143,Gujarat
1976-0143, Maharastra
1976-0144,Krishna District
1976-0144, near Masulipatnam (Andhra Pradesh)
1976-0146,Between Nellore and Kavali (Andhra Pradesh)
1976-0147,Neil & Havelock Isl. (Little Andaman
1976-0147, South Andaman Sea areas)
1977-0133,Tamil Nadu
1977-0133, Andhra Pradesh
1977-0133, Kerala
1977-0201,North of Nellore district
1977-0201,  South of Prakasam district (Andhra Pradesh)
1978-0044,New Delhi
1978-0055,Orissa
1978-0056,West Bengal
1978-0134,
1978-0224,Tamil Nadu
1978-0224, Kerala
1979-0051,Andhra Pradesh
1980-0044,Uttar Pradesh
1980-0227,Srikakulam
1980-0227, Visakhapatnam
1980-0227, East & West Godavari districts (Andhra Pradesh)
1980-0228,Tamil Nadu
1981-0046,Orissa
1981-0094,Gujarat
1981-0107,Orissa
1981-0107, West Bengal
1981-0206,Puri
1981-0206, Ganjam
1981-0206, Koraput
1981-0206, Kalhandi
1981-0206, Phulbani
1981-0206, Sundergarh districts (Orissa state)
1981-0207,Orissa
1981-0207, West Bengal
1981-0207, Bihar Plateau
1981-0207, Andhra Pradesh
1981-0207, Telangana
1981-0207, East Madhya Pradesh
1982-0120, Gujarat
1982-0120, Maharashtra
1982-0313,Orissa state
1983-0061,West Bengal
1983-0068,West Bengal
1983-0076,Himachal Pradesh
1983-0076, Punjab
1983-0087,Saurashtra coast (N-W. Gujarat)
1983-0129,Andhra Pradesh
1983-0129, Orissa
1984-0110,Tamil Nadu state + Chittoor
1984-0110, Nellore districts (Andhra Pradesh state)
1984-0227,East Uttar Pradesh + Cuttack
1984-0227, Balasore districts (Orissa state) + Midnapore district (West Bengal)
1984-0228,Ravalaseema
1984-0228, Kerala
1984-0228, Tamil Nadu
1985-0121,Andhra Pradesh
1985-0380,
1986-0062,Rajasthan state
1986-0084,Uttar Pradesh
1986-0116,Calcutta
1986-0116, Midnapore district (West bengal)
1986-0256,Cashmire
1986-0386,
1987-0206,Andhra Pradesh
1987-0206, Tami Nadu
1987-0280,Guntur
1987-0280, Prakasam district (Andhra Pradesh)
1987-0341,Bihar
1987-0341, Uttar Pradesh
1987-0360,Bihar
1988-0519,West Bengal
1989-0158,Coastal Orissa
1989-0158, West Bengal
1989-0234,Southern India
1990-0019,Guntur
1990-0019, Krishna
1990-0019, East and West Godavari
1990-0019, Visakhapatnam districts (Andhra Pradesh)
1990-0396,Golfe du Bengale
1990-0397,Gujarat
1990-0580,Ganjam district (Orissa)
1990-0630,Meghalaya
1990-0630, Manipur
1990-0630, Tinsukia
1991-0374,Andhra Pradesh
1991-0374, Tamil Nadu
1991-0374, Pondicherry
1992-0097,Naogoan district (Assam state)
1992-0211,Kerala
1992-0211, Gujarat
1992-0211, Orissa states
1993-0085,Tamil Nadu
1993-0085, Karaikal region (Pondicherry)
1993-0138,Near Kandi (Murshidabad district
1993-0138, West Bengal)
1994-0352,Tamil Nadu
1994-0352, Andhra Pradesh
1994-0352, Karnataka states
1994-0762,Mormugao
1995-0275,Orissa
1995-0275, Andra Pradesh
1995-0462,Andhra Pradesh
1996-0106,Andhra Pradesh
1996-0106, Karnataka
1996-0106, Kerala
1996-0106, West Begal
1996-0106, Tamil Nadu
1996-0106, Gujarat
1996-0106, Maharashtra
1996-0106, Uttar Pradesh
1996-0106, Assam
1996-0106, Haryana
1996-0106, Jammu and Kashmir
1996-0106, Rajasthan
1996-0106, Arunachal
1996-0106, Bihar
1996-0106, Tripura states
1996-0180,Oman Sea
1996-0256,East and West Godavari
1996-0256, Kakinada (Andhra Pradesh state)
1996-0298,Andhra Pradesh
1997-0226,Andhra Pradesh
1998-0106,Tanton
1998-0106, Jaleshwar (Midnapore
1998-0106, West Bengal)
1998-0106, Balasore district (Orissa)
1998-0183,Kutch
1998-0183, Porbandar
1998-0183, Jamnagar
1998-0183, Junagadh
1998-0183, Amreli
1998-0183, Bhavnagar
1998-0183, Banaskhanta
1998-0183, Surat
1998-0183, Bharuch
1998-0183, Rajkot
1998-0183, Valsad
1998-0183, Nasvari districts (Gujarat state)
1998-0183, Barmer
1998-0183, Jallore districts (Rajasthan state)
1998-0183, Ratnagiri district (Maharasthra)
1998-0313,Bombay (city) Level 1 = Maharashtra
1998-0379,West Begala
1998-0379, Midnapur dis.- Level 1 = Uttar Pradesh
1999-0177,Gujarat Coast
1999-0401,Orissa
1999-0401, Ganjam
1999-0401, Puri
1999-0401, Khurda
1999-0401, Gajapathi
1999-0425,Kendrapara
1999-0425, Jagatsinghpur
1999-0425, Khurda
1999-0425, Puri
1999-0425, Cuttack
1999-0425, Nayagarh
1999-0425, Bhadrak
1999-0425, Keonjhar
1999-0425, Dhenkanal
1999-0425, Balasore
1999-0425, Mayurbhang
1999-0425, Jajapur (Orissa
1999-0425, Andhra Pradesh
1999-0425, West Bengal states)
2000-0323,Andhra Pradesh
2000-0785,Nagappattinam
2000-0785, Thanjavur
2000-0785, Sirkali
2000-0785, Papanasam
2000-0785, Tiruvallur
2000-0785, Tiruvarur (Cuddalore coast
2000-0785, Tamil Nadu
2000-0785, Andhra Pradesh)
2001-0337,Uttar Pradesh
2001-0584,Andhra Pradesh
2001-0729,Gujarat
2001-0729, Goa
2001-0729, Maharashstra
2001-0729, Kerala
2001-0729, Naliya
2002-0204,West Bengal
2002-0216,Orissa
2002-0308,Calcutta
2002-0308, Gobalpur
2002-0308, Jalpaiguri
2002-0308, Darjeeling
2002-0702,Bay of Bengal
2003-0089,Betul district (Madhya Pradesh state)
2003-0099,Jammu and Kashmir
2003-0099, Punjab
2003-0099, Haryana states
2003-0100,Dholatar (Gujarat state)
2003-0134,Bankura
2003-0134, Hooghly
2003-0134, Howrah districts (West Bengal)
2003-0182,Chirakhawa
2003-0182, Chirakhawa Topopara
2003-0182, Peepulbari part 1 and 2
2003-0182, Bhurakata
2003-0182, Baliabeel
2003-0182, Bengerbhita
2003-0182, Baushkata (Dhubri district
2003-0182, Assam province)
2003-0234,Mekhliganj
2003-0234, Haldibari
2003-0234, Fukaldabri
2003-0234, Nijtaraf
2003-0234, Kasiabari
2003-0234, Bholarhat
2003-0234, Beltali (Voochbehar district
2003-0234, West Bengal)
2003-0605,Krishna
2003-0605, Guntur
2003-0605, West Godavari (Andhra Pradesh state)
2005-0191,Burdwan
2005-0191, Bay of Bengal (West Bengal)
2005-0290,Guntur
2005-0290, Krishna
2005-0290, Srikakulam
2005-0290, Karimnagar
2005-0290, Nalgonda districts (Andhra Pradesh)
2005-0291,Calcutta
2005-0537,Andhra Pradesh
2005-0537, Orissa state
2006-0510,Andhra Pradesh
2006-0510, West Bengal
2006-0510, Bihar
2006-0740,Uttar Pradesh
2006-0740, Gujarat
2007-0556,West Bengal
2007-0556, Orissa
2008-0646,Uttar Pradesh
2009-0130,Kendrapara district (Orissa)
2009-0204,Calcutta
2009-0204, Parganas
2009-0204, Howrah
2009-0204, Hoogly
2009-0204, Sagar
2009-0204, Namkhana
2009-0204, Kakdwip
2009-0204, Patharpraima
2009-0204, Canning
2009-0204, Basanti
2009-0204, Mathurapur
2009-0204, Kultali
2009-0204, Darjeeking
2009-0240,Bihar
2009-0240, Jharkhand states
2009-0609,
2009-0640,Uttar Pradesh
2009-0641,Uttar Pradesh
2010-0171,Bihar
2010-0171, Bengal Occidental
2010-0171, Assam
2010-0177,Uttar Pradesh
2010-0177, Bihar states
2010-0198,Krishna
2010-0198, Prakasam
2010-0198, Neloore
2010-0198, Guntur distrits (Andhra Pradesh state); Tamil Nadu state
2010-0428,Bihar
2010-0428, Jharkhand states
2010-0688,Allahabad
2010-0688, Unnao
2010-0688, Nawabganj (Uttar Pradesh)
2010-0693,Andhra Pradesh
2010-0694,Mushakpur
2010-0694, Baksa (Assam)
2011-0176,Uttar Pradesh 
2011-0593,Karnataka state
2012-0425,Andhra Pradesh
2012-0425, Tamil Nadu states
2013-0090,Uttar Pradesh state
2013-0138,Andhra Pradesh
2013-0401,Orissa
2013-0401, Andhra Pradesh
2013-0401, Jharkhand
2013-0401, Bihar
2013-0401, West Bengal
2013-0401, Chhattisgarh states
2013-0482,Bihar
2013-0482, Jharkhand states
2013-0515,Krishna
2013-0515, Guntur
2013-0515, East Godavari
2013-0515, West Godavari
2013-0515, Visakhapatnam distrcits (Andhra Pradesh) 
2014-0106,Himalyan region of Kashmir and Jammu (Chenab valley)
2014-0106, villages de Doda
2014-0106, Bhaderwah
2014-0106, Thathri
2014-0106, Gandoh
2014-0106, Bhallessa
2014-0106, villages du district Kishtwar
2014-0106, Kora Pani
2014-0106, Tangdhar in Kupwara district.
2014-0182,New Delhi
2014-0182, Ghaziabad (Utar Pradesh)
2014-0182, West Bengal.
2014-0392,Visakhapathnam city
2014-0392, Gangavaram (Coast of Andhra Pradesh); South Odisha; Chhattisgarh
2014-0538,
2014-0551,Hyderabad (Andhra Pradesh)
2015-0118,Tripura state
2015-0126,Rajsthan
2015-0126, Jammu and Kashmir
2015-0126, Uttarakhand
2015-0164,Purnia
2015-0164, Madhepura
2015-0164, Madhubani
2015-0164, Supaul
2015-0164, Sitamarhi districts (Bihar state)
