1904-0003,Chittagong
1909-0010,Bakerganj
1909-0013,West Sundarbans
1911-0004,Teknaf
1919-0003,Bakerganj
1922-0003,Teknaf
1923-0003,Cox's Bazar
1923-0003, Chittagong
1926-0004,Cox's Bazar
1937-0006,Noakhali
1941-0003,Bhola
1941-0003, East Meghna estuary
1942-0008,West Sundarbans
1947-0012,Cox's Bazar
1947-0012, Chittagong
1951-0036,
1958-0008,East Meghna Estuary
1958-0014,
1960-0030,Noakhali
1960-0030, Off-Shore Islands
1960-0031,Chittagong area
1960-0031, Off-Shore Islands
1961-0004,Megna Eestuary
1961-0005,Chittagong
1961-0046,
1963-0013,Chittagong
1963-0013, Noakhali
1963-0079,
1964-0024,Jessore district
1965-0028,Barisal district
1965-0034,
1965-0068,Chittagong to Teknaf
1966-0077,Chittagong
1966-0077, Sandwip
1967-0034,Dacca
1967-0062,South
1967-0062, near Cox's Bazar
1968-0040,Madaripur
1968-0040, Faridpur
1969-0065,Dacca
1969-0065, Comilla
1970-0026,
1970-0058,Bay of Bengal districts
1970-0063,Khulna
1970-0063, Chittagong
1971-0032,Coastal areas
1972-0026,Mymensingh
1973-0023,Faridpur district
1973-0053,South coast
1973-0125,
1974-0042,
1974-0059,Coastal areas
1974-0059,  off-shore Islands
1974-0147,
1976-0034,Faridpur district
1976-0133,Dhamgarh (near Dacca)
1977-0054,Madaripur
1977-0060,Mymensingh district
1977-0124,
1978-0051,Bay of Bengal
1978-0068,Jessore district
1979-0048,Eastern
1979-0078,South coast
1980-0038,
1981-0042,Noakhali district
1981-0108,
1981-0274,Comilla
1983-0056,South
1983-0072,Kulna
1983-0133,Chittagong
1983-0147,Chittagong
1985-0048,Pabna district
1985-0063,Urir
1985-0063, Jabbar
1985-0063, Bata
1985-0063, Darbesh
1985-0063, Clark
1985-0063, Sudharam
1985-0063, Hatia
1985-0063, Sand Wip Islands   Patuakhali
1985-0063, Bhola
1985-0063, North Chittagong
1985-0063, Feni
1985-0063, Noakhali districts
1985-0123,
1986-0050,Gopalganj
1986-0050, Piropjur districts (Mymensingh
1986-0050, Brahmanbaria
1986-0050, Netrokona)
1986-0117,Kuna
1986-0117, Bagerhat
1986-0117, Sathkhira
1986-0117, Pathuakhali
1986-0117, Barguna
1986-0131,Bengal Bay (South-West)
1986-0284,Dacca
1986-0284, Manikganj
1987-0110,Hatiya
1987-0110, Swandwip
1987-0110, Patuakhali
1987-0110, Bhola regions
1988-0220,
1988-0264,Kushia district
1988-0474,Patuakhali
1988-0474, Cox's Bazar
1988-0518,Bagherhat
1988-0518, Barguna
1988-0518, Bhola
1988-0518, Jessore
1988-0518, Khulna
1988-0518, Patuakahli
1988-0518, Pirozpur
1988-0518, Satkhira
1988-0518, Sundarbans
1989-0016,Manikganj
1989-0016, Dhaka
1989-0016, Tangail districts
1989-0249,Manikganj
1989-0249, Tangail
1990-0090,Manikganj
1990-0090, Siranjganj
1990-0090, Chandpur districts
1990-0096,South East
1990-0421,Golfe du Bengale
1990-0576,Chittagong
1991-0120,Cox's Bazar
1991-0120, Chittagong
1991-0120, Patuakhali
1991-0120, Noakhali
1991-0120, Bhola
1991-0120, Barguna
1991-0332,Ghorasal
1991-0332, Tungi
1991-0332, Sirajganj
1992-0175,
1992-0192,North
1993-0001,Bogra
1993-0001, Noagaon
1993-0001, Sunamganj
1993-0001, Sylhet
1993-0001, Tangail
1993-0001, Jamalpur
1993-0029,Begumgang
1993-0029, Thana Unions
1993-0120,North-East
1993-0135,Bhola
1993-0135, Barisal districts
1993-0154,North Dhaka
1993-0160,Comilla area
1993-0240,Sylhet
1993-0241,Naogaon
1993-0241, Dhaka
1994-0044,St. Martins
1994-0044, Teknaf Upazila
1994-0044, Ukhia Upazila ( Near Cox's Bazar)
1994-0044, Kutubdia Isl.
1994-0044, Moheskhali Isl.
1994-0044, Bandarban
1994-0087,Mymensingh
1994-0087, Chittagong (North-East and Southern Bangladesh)
1994-0092,Pirojpur
1994-0092, Barguna
1994-0092, Barisal
1994-0092, Patuakhali districts
1994-0122,North
1995-0051,Chittagong
1995-0051, Madaripur
1995-0051, Munshiganj districts
1995-0067,Chittagong
1995-0082,Cox's Bazar
1995-0082, Teknaf
1995-0082, Barguna
1995-0082, Bagerhat
1995-0082, Manpura
1995-0082, Char Nizam
1995-0082, Hatiya
1995-0082, Sadwip
1995-0082, Bhola
1995-0082, Noakhali
1995-0082, Patuakhali
1995-0082, Chittagong
1995-0281,Gulf of Bengale
1996-0086,Gopalpur
1996-0086, Basail
1996-0086, Kalihati
1996-0086, Shokipur
1996-0086, Mirzapur
1996-0086, Ghatail (Tangail district)
1996-0086, Thanas of Madarganj
1996-0086, Bakhiganj
1996-0086, Sarishabari (Jamalpur district)
1996-0170,Bay Of Bengal
1996-0350,Gowriganga River
1996-0351,Chittagong
1996-0351, Patuakhali
1996-0351, Pirojpur
1997-0114,Banshkali
1997-0114, Anowara (Chittagong district)
1997-0114, Cox's Bazar
1997-0114, Teknaf
1997-0114, Chokoria
1997-0114, Moheshkali
1997-0114, Kutubdia (Cox's Bazar district)
1997-0235,Bhola
1997-0235, Noakhali
1997-0235, Bagerhat
1997-0235, Khulna
1997-0235, Potuakhali
1997-0235, Sitakundu districts
1997-0258,Tongi Dis. -  1st level = Dhaka
1997-0321,Bay Of Bengal  Level 1 = Chittagong
1997-0353,Cox's Bazar (level 2) Level 1 = Chittagong
1998-0101,Chittagong
1998-0164,Chittagong
1998-0164, Cox's Bazar
1998-0164, Sitakundu
1998-0373,Sathkhira
1998-0373, Khulna district
1998-0438,N.A. on the source
1998-0447,Barisal
1999-0105,Parbatipur
1999-0115,Panchagarh district
1999-0115, Level 1 = Rajshahi Div
1999-0189,Kurigram (Rangpur)
1999-0532,Satkhira
1999-0532, Khulna
1999-0532, Bagerhat
1999-0532, Pirojpur
1999-0532, Borguna districts
1999-0576,Bhola
1999-0576, Barisal & Patuakhil districts
1999-0576, Level 1 = Barisal Div
1999-0738,Bengal Gulf
2000-0146,Natore district (North-Western)
2000-0211,Alpara
2000-0211, Netrokona Sadar
2000-0211, Kendua
2000-0211, Purbadhala counties (Netrokona district) and Rangpur district
2000-0229,Moulvibazar and Netrokona
2000-0283,Dhaka
2000-0283, Chittagong
2000-0283, Cox's Bazar
2000-0283, Comilla
2000-0283, Mymenshingh
2000-0283, Tangail
2000-0283, Chandpur
2000-0283, Kishoreganj districts
2000-0294,Chittagong
2000-0631,Ullapara
2000-0631, Gournadi districts
2000-0713,Barisal
2000-0713, Barguna
2000-0713, Jhalkahti
2000-0713, Bhola
2000-0713, Khulna
2000-0713, Pirojpur
2000-0713, Noakhali
2000-0713, Luxmipur
2000-0713, Cox's Bazar
2000-0713, Dhaka
2000-0713, Mymensingh
2000-0713, Chandpur
2000-0713, Shariatpur districts (coastal and central)
2001-0198,Mymenshing
2001-0198, Netrokona
2001-0198, Tangail
2001-0198, Naogaon
2001-0198, Moulovi Bazar
2001-0198, Chuadanga
2001-0198, Jhinaidah
2001-0198, Gaibandha
2001-0198, Patuakhali
2001-0198, Meherpur Gopalgonj
2001-0198, Noakhali districts
2001-0202,Patuakhali district
2001-0202, Satkhira district
2001-0202, Kuakata coast
2001-0273,Sirajgang
2001-0273, Pabna
2001-0273, Sylhet
2001-0563,Lalmonirhat
2001-0563, Nilphamari
2001-0563, Gaibandha
2001-0563, Rangpur districts
2002-0211,Cox's Bazar
2002-0233,Gaibandha
2002-0233, Lalmonirat
2002-0233, Bogra
2002-0233, Nilphamari
2002-0233, Netrokona
2002-0233, Rangpur
2002-0233, Kishorgonj
2002-0233, Kurigram
2002-0233, Sirajgong districts
2002-0425,Rajshahi district
2002-0705,
2003-0190,Dacca
2003-0211,Brahmmanbaria
2003-0211, Nayabadi district
2003-0779,Barguna (Bay of Bengal)
2004-0166,Mymensingh
2004-0166, Netrokona districts
2004-0286, Cox's Bazar
2004-0286, Tekhnaf (Bay of Bengal)
2004-0678,Sylhet
2004-0679,Sunamganj
2005-0130,Gaibandha
2005-0130, Rangpur districts
2005-0130, Chandpur
2005-0130, Habiganj
2005-0130, Faridpur
2005-0130, Kishoreganj
2005-0130, Manikganj
2005-0130, Munshiganj
2005-0190,Natore
2005-0190, Manikganj
2005-0190, Sirajganj
2005-0190, Pabna districts
2005-0259,Lakshmipur
2005-0259, Rajbari
2005-0259, Cox's Bazar districts
2005-0273,Pabna district
2005-0282,Rangpur
2005-0282, Dinadjpur districts
2005-0391,Cox's Bazar
2005-0537,
2006-0146,Bagerhat
2006-0146, Khulna districts
2006-0146, Sharankhola upazila
2006-0510,Hatia
2006-0510, Bagerhat
2006-0510, Potuakhali
2006-0510, Borguna (Bay of Bengal)
2006-0737,Dhaka
2006-0738,Tangail
2006-0738, Sirajganj
2006-0738, Kazipur
2006-0739,Rajshai
2006-0739, Khulna
2006-0739, Jessore
2007-0227,Bazar de Cox
2007-0227, Chittagong
2007-0556,Khulna-Barisal coast
2007-0556,  Bagerhat
2007-0556, Patuakhali
2007-0556, Barguna
2007-0556, Pirojpur
2007-0556, Barisal
2007-0556, Jhalkhati
2007-0556, Bhola
2007-0556, Mandaripur
2007-0556, Gopalgonj
2007-0556, Shariatpur
2007-0556, Khulna
2007-0556, Satkhira
2008-0644,
2008-0648,Barisal
2008-0648, Patuakhali
2009-0157,Banshkhali
2009-0157, Anowara
2009-0157, Sitakundo
2009-0157, Mirershwarai
2009-0157, Sandip
2009-0157, Patia
2009-0157, Boalkhali
2009-0157, Satkania
2009-0157, Chandnaish and city Corportaion of Cittagong district (Chittagong)
2009-0157, Sadar
2009-0157, Ramu
2009-0157, Chokoria
2009-0157, Pekua
2009-0157, Moheshkhali
2009-0157, Kutubdia (Cox s Bazar)
2009-0157, Burir char of Hatia (Noakhali)
2009-0157, Charfashion (Bhola)
2009-0157, Pirganj (Thakurgao)
2009-0204,Khulna
2009-0204,  Satkhira
2009-0204, Patuakhali
2009-0204, Bagerhat
2009-0204, Barisal
2009-0204, Barguna
2009-0204, Pirojpur
2009-0204, Jhalokathi
2009-0204, Laxmipur
2009-0204, Jessore
2009-0204, Bhola
2009-0204, Chittagong
2009-0204, Noakhali
2009-0204, Cox's Bazar
2009-0204, Feni
2009-0204, Chadpur
2009-0204, Pirojpur
2010-0171,Rangpur
2010-0171, Dinajpur
2010-0171, Nilphmari
2010-0171, Lalmonirhat
2010-0171, Kurigram
2010-0171, Gaibandha
2010-0171, Sirajganj
2010-0171, Bogra
2010-0205,lalmonirhat district
2010-0686,Mysmensingh area
2011-0591,Sherpur
2011-0591, Mymensingh
2011-0591, Rangpur
2011-0591, Thakugaon
2011-0591, Jamalpur
2011-0591, Netrokona
2011-0591, Gaibandha
2011-0591, Pabna
2012-0082,Panchogor
2012-0082, Noakhali
2012-0082, Kumilla
2012-0082, Norsingdi
2012-0082, Jamalpur
2012-0082, Jessore
2012-0082, Rajshahi
2012-0082, Sylhet
2012-0082, Faridpur
2012-0082, Shatkhira
2012-0082, Rangpur
2012-0082, Bhola
2012-0082, Shariatpur
2012-0082, Khulna Chuadanga
2012-0082, NilPhamari districts
2012-0385,Hatiya
2012-0385, Companiganj
2012-0385, Subarnarchar Upazila (Noakhali district); Monpura
2012-0385, Charfasson Upazila (Bhola district); Sandwip
2012-0385, Mirsharai Upazila (Chitagong district (Bay of Bengal)
2013-0085,Sadar
2013-0085, Akhaura
2013-0085, Bijoynagar regions (Brahmanbaria district)
2013-0090,Notore
2013-0090, Nowgaon
2013-0138,Patuakhali
2013-0138, Bhola
2013-0138, Barguna districts
2014-0135,Netrokona
2014-0135, Sunamganj
2014-0135, Tangail
2014-0135, Naogaon districts
2014-0244,Faridpur district
2015-0118,Bogra
2015-0118, Rajshahi districts
2015-0213,Sunamganj
2015-0213, Jamalpur
2015-0213, Sherpur
2015-0213, Gaibandha
2015-0213, Bagerhat
2015-0213, Dinajpur
2015-0213, Mymensingh
