1962-0010,
1978-0260,
1981-0064,Nan province
1981-0104,South
1989-0131,Chumphon
1989-0131, Nakkhon Si Thammarat
1989-0131, Phetchaburi
1989-0131, Prachuap Khiri Khan
1989-0131, Ranong
1989-0131, Songkhla
1989-0131, Surat Thani provinces
1990-0409,Central and northeastern Provinces
1991-0710,North and Northeast
1992-0201,
1992-0494,Ko Samui (Surat Thani province)
1992-0495,Sisaket province (North)
1992-0496,Surat Thani
1992-0496, Krabi
1992-0496, Phangnga
1992-0496, Nakhon Si Thammarat provinces
1993-0481,Nakhon Phanom
1993-0481, Sakon Nakhon
1993-0481, Nong Khai provinces
1993-0482,Udon Thani
1993-0482, Khon Kaen
1993-0482, Nakhon Panom
1993-0482, Nan
1993-0482, Uttaradit
1993-0482, Phayao
1993-0482, Mae Hong Son
1994-0120,Bangkok
1994-0774,Chiang Rai
1994-0774, Chiang Mai
1994-0774, Phayao
1994-0774, Phitsanulok
1994-0774, Khanchanburi
1994-0777,Lampang
1994-0777, Nan
1994-0777, Kanchanaburi
1994-0777, Phrae
1994-0777, Chinag Rai
1994-0777, Mae Hong Son
1994-0777, Tak
1994-0777, Phayao
1994-0777, Chiang Mai
1995-0167,Bangkok
1996-0182,Chumphon
1996-0182, Chiang Rai
1996-0182, Nan
1996-0182, Nong Khai
1996-0182, Udon Thani
1996-0182, Rayong
1996-0182, Ranong
1997-0184,Surat Thani Province
1997-0267,
2000-0539,Tha Tum
2000-0539, Chom Phra
2000-0539, Samrong Thap
2000-0539, Sikhoraphum
2000-0539, Sangkha
2000-0539, Muang
2000-0539, Ubon Ratchathani (northeastern provinces)
2001-0357,Muang
2001-0357, La-ngu
2001-0357, Tha Phae
2001-0357, Khuan Don districts
2002-0069,Muang
2002-0069, Chiang Saen
2002-0069, Mae Chan
2002-0069, Wiang Chai
2002-0069, Phan districts
2002-0286,Sam Ngao
2002-0286, Phop Phra districts (Tak)
2003-0235,Muang
2003-0235, Wiang Chai
2003-0235, Phan
2003-0235, Doi Luang
2003-0235, Mae Suai districts
2004-0244,Mae Ramat (Tat province)
2004-0258,Prae
2004-0258, Nakhon Sawan
2004-0258, Sukhothai
2004-0258, Pichit
2004-0258, Mae Hong Son
2004-0258, Tak
2004-0258, Nan
2004-0258, Payao
2004-0258, Phitsanuok
2004-0258, Loei provinces
2005-0303,Lampang
2005-0303, Nan provinces
2005-0540,Lampang
2005-0540, Chiang Mai
2005-0540, Chiang Rai
2005-0540, Phayao
2005-0540, Mae Hong Son
2005-0540, Phrae
2005-0540, Yasothon
2005-0540, Ubon Ratchathani
2008-0184,Tak province
2008-0329,
2011-0272,Phrae
2011-0272, Chian Mai
2011-0272, Sukhothai
2011-0272, Nan
2011-0272, Nakhon Phanom
2011-0272, Lamphun
2011-0272, Lampang
2011-0272, Mae Hon Son
2011-0272, Uttaradit
2011-0272, Phichit
2011-0272, Phitsanulok
2011-0272, Nakhon Phanom
2011-0272, Udon Tani
2011-0272, Bueng Kan
2011-0272, Sakhon Nakhon Loei
2011-0272, Phetchabun provinces
2014-0537,
