1926-0012,Havana and suburbs
1932-0006,Santa Cruz Del Sur (Camaguey province)
1935-0008,
1944-0011,Isle of Pines
1944-0011, La Havana
1948-0009,
1948-0012,
1963-0030,All country
1964-0096,
1966-0076,Guantanamo
1968-0076,
1970-0118,
1978-0034,Colon
1980-0229,
1982-0074,Havana
1982-0074, Pinar Del Rio
1985-0134,
1988-0248,Monati (Oriente province)
1988-0705,Santiago de Cuba
1988-0705, Guantanamo
1988-0705, Granma
1993-0012,From Pinar del Rio (West) to Ciego de Avila and Camaguey (Central)
1994-0505,Guatanamo province
1995-0102,Havana
1995-0244,
1996-0231,Sancti Spiritus
1996-0231, Pinar del Rio
1996-0231, Havana
1996-0231, Matanzas
1996-0231, Villa Clara
1996-0231, Cinfuegos provinces
1999-0400,Havana
1999-0400, Cienfuegos
1999-0400, Isla De La Juventud
1999-0400, Pinar Del Rio
1999-0400, Sancti Spiritus
1999-0400, Villa Clara
1999-0400, Mantanzas
2001-0612,Matanzas
2001-0612, Cienfuegos
2001-0612, Villa Clara
2001-0612, Sancti Spiritus
2001-0612, Isla de la Juventud
2001-0612, Pinar del Rio
2001-0612, Havana city
2001-0612, Ciego de Avila
2002-0604,Isle of Youth
2002-0604, Pinar del Rio province
2002-0636,Pinar del Rio
2002-0636, La Habana (Region Occidental)
2002-0636, Sancti Spiritu
2002-0636, Cienfuegos (Region Central)
2002-0636, Guantanamo
2002-0636, Santiago de Cuba
2002-0636, Granma (Region Oriental)
2004-0415,La Habana
2004-0415, Pinar del Rio
2004-0415, Cienfuegos
2004-0462,Pinar del Rio
2004-0462, Habana
2004-0462, Ciudad Habana
2004-0462, Matanzas
2004-0462, Villa Clara
2004-0462, Cienfuegos
2004-0462, Sancti Spiritus
2004-0462,  Santiago de Cuba provinces
2004-0462,  Isla de la Juventud municipality
2005-0351,Cienfuegos
2005-0351, La Habana
2005-0351, Ciudad de la Habana
2005-0351, Matanzas
2005-0351, Sancti Spiritus
2005-0351, Ciego de Avila
2005-0351, Camaguey
2005-0351, Santiago de Cuba  provinces
2005-0585,Santiago de Cuba
2005-0585, Granma
2005-0585, Guantanamo
2005-0585, Matanzas
2005-0585, Sancti Spiritus
2005-0585, Villa Clara
2005-0585, Cienfuegos
2005-0585,  Havana
2005-0585, Ciudad Havana
2005-0585, Pinar del Rio
2005-0585, Ysles of Youth
2006-0272,Nueva Paz
2007-0360,Pinar del Rio
2007-0360, La Habana
2007-0360, Isla de la Juventud
2007-0523,Granma
2007-0523, Holguin
2007-0523, Las Tunas
2007-0523, Guantanamo provinces
2008-0338,Centre and East
2008-0352,Island of Youth
2008-0352, Pinar del Rio
2008-0352, Havana
2008-0352, Matanzas provinces
2008-0384,
2012-0410,Santiago de Cuba
2012-0410, Holguin
2012-0410, Guantanamo provinces
