1956-0035,
1977-0126,Maputo
1978-0144,Nampula province
1984-0018,Maputo
1984-0018, Gaza
1985-0047,Maputo province
1988-0102,Quelimane
1994-0035,Nampula
1994-0035, Zambesia
1994-0035, Manica
1994-0035, Sofala
1996-0052,Zambezia
1996-0052, Gaza
1996-0052, Maputo
1996-0052, Inhambane provinces
1997-0013,
2000-0107,
2000-0178,Angoche
2000-0178, Moma
2000-0178, Mogincual (Nampula province)
2000-0753,Zambezia
2000-0753, Nampula provinces
2000-0786,Regone
2000-0786, Milange (Zambezia Province)
2002-0670,Beira
2003-0114,Inhambane
2003-0114, Sofala
2003-0114, Manica
2003-0114, Gaza provinces
2007-0080,Vilankulo (Inhambane)
2009-0123,Zambezia (North-West)
2011-0015,Chimolo provinciale
2012-0005,Nicoadala
2012-0005, Quelimane city
2012-0005, Chinde
2012-0005, Pebane
2012-0005, Maganja da Costa
2012-0005, Namacura
2012-0005, Gurue
2012-0005, Mocuba (Zambezia province); Mussoril
2012-0005, Nacal-a-Velha districts (Nampula province)
2012-0006,Chokwe
2012-0006, Xai-Xai districts (Gaza province); Maputo City; Maputo province; Zavala district (Inhambane province); Nampula province; Zambezia province; Sofala province
2012-0056,Cabo Delgado
2012-0056, Sofala provinces
