1961-0054,
1977-0127,
1981-0034,Hiran
1981-0034, Juba provinces
1987-0093,Mogadishu
1987-0093, Central
1987-0093, Northwest Somalia
1989-0051,Koryaleh province
1989-0274,Skushban
1989-0274, Bosasso
1989-0274, Kandala (East Somalia)
1994-0573,South
1995-0317,Mogadishu
1996-0473,
1997-0106,Shebele Valley
1997-0106, Hawardre district north of Mogadishu and Jowhar north of Mogadishu.
1997-0265,Gedo
1997-0265, Middle
1997-0265, Lower Juba regions
2000-0259,Bombasso
2000-0259, Cariolei
2000-0259, Mubaahrak
2000-0259, Jowhar
2000-0259, Howo Takoh
2000-0259, Halwadag
2000-0259, Beletwein
2000-0259, Hiram 
2000-0490,Mogadishu
2000-0778,Southern Lower
2000-0778, Middle Jubba regions
2001-0653,Jilib (Middle Juba Region)
2002-0715,Buale (Middle Juba region)
2002-0715, Hagar
2002-0715, Afmadow (Lower Juba region)
2002-0715, Gedo region
2003-0204,Lower Jubba
2003-0204, lower and middle Shebelle regions
2003-0447,Hargeisa
2003-0447, Wajale (Somaliland)
2004-0499,Sanaag region (Somaliland)
2005-0215,Hargeisa
2005-0215, Jowhar
2005-0215, Burco
2005-0215, Berbera
2005-0215, Burao
2005-0215, Borame and Sayla. Hiiran region - Beletweyne. Lower Jubba - Kowaan
2005-0215, Musa Haji
2005-0215, Jimey
2005-0215, Sanguni and Maleley. Middle Juba - Bu'ale district (Somaliland
2005-0215, Hargeisa region)
2005-0309,Bu'ale district (Middle Juba region)
2006-0229,Hiraan region
2006-0422,Jowhar
2006-0422, Bardhere
2006-0422, Mangay
2006-0422, Tuugarey (Shabelle region)
2006-0550,Jowhar
2006-0550, Mogadishu (Middle Shabelle Region)
2006-0618,Beletweyne
2006-0618, Jalalaqsi
2006-0618, Jowhar districts
2006-0624,Gedo region
2007-0425,Around the town of Jowhar (Middle Shabelle region)
2007-0559,Alula district (Puntland)
2008-0506,Bardera city (Southwestern Gedo region)
2009-0532,Belet Weyne
2009-0532, Ceel Waaq
2009-0532, Belet Hawa
2010-0115,
2010-0164,Somaliland
2011-0476,Mogasdischio
2012-0472,Hiiran region
2012-0508,Beletweyne
2013-0288,Southern
2013-0473,Jowhar and Balcard districts (Middle Shabelle region)
2014-0456,Beledweyne (Hiraan region); Middle Shabelle region; Dolo (Gedo region); Jilib
2014-0456, Jamame (Lower Juba); Xudur (Bakkol refion)
