1993-0473,Eastern and Southern coast
1997-0180,
2000-0572,Kangwon
2000-0572, North Hamgyong
2000-0572, South Hamgyong
2000-0572, Ryanggang
2000-0572, North Pyongan
2000-0572, North Hwanghae provinces
2000-0572, Kaesong city
2002-0561,Tongchon
2002-0561, Anbyon
2002-0561, Kosong districts (Kangwon province)
2007-0457,North and South Hwanghae provinces
2010-0479,
2011-0279,Pyonksong
2011-0279, Haeju
2011-0279, Chongdan
2011-0279, Paechon
2011-0279, Pongchon (South Hwanghae province)
2011-0279, Sohung (North Hangwae province); Kaesong city; Nampo city; South Phyongan province
2012-0414,Hwanghae
2012-0414, South and North Hamgyong
2012-0414, Kangwon
2012-0414, Ryanggang provinces
