1956-0051,
1973-0028,Flores
1974-0002,Situbondo (West Java)
1976-0188,
1977-0091,Central Java
1980-0315,West Java
1982-0242,Slemen (Central Java)
1985-0025,Bandung region
2004-0062,East Java
2004-0062, West Nusa Tengarra provinces
2004-0062, Bali Isl.
2004-0144,Cijeruk
2004-0144, Cipelang
2004-0144, Warung Menteng (Cijerik sub-district
2004-0144, Bogor Regency
2004-0144, West Java)
2012-0558,Jakarta
2012-0558, Central Java
2012-0558, East Java
2012-0558, West Java
2012-0561,South Sulawesi
2012-0561, North Sumatra provinces
